insert into credentials values (27043,"Snarelure","p4ScNtGGL_");
insert into credentials values (51051,"Skullbone","nv_20Ij#j5");
insert into credentials values (70839,"Burnblaze","iA9+zgD=df");
insert into credentials values (65928,"Emberburn","q3MO%H690Z");
insert into credentials values (55187,"Emberfire","cv1qK^_zEJ");
insert into credentials values (31543,"Evilember","Sqkei2%vSp");
insert into credentials values (76285,"Firespawn","i%2QID?k2p");
insert into credentials values (92192,"Flameblow","uA^l3W=8SW");
insert into credentials values (82338,"SniperGod","iBem9Y6~TI");
insert into credentials values (19337,"TalkBomber","ecc=n98Pfg");
insert into credentials values (13512,"SniperWish","eTeW*cN5lp");
insert into credentials values (11466,"RavySnake","hFits9*Xo6");
insert into credentials values (32473,"WebTool","az=Wis80!M");
insert into credentials values (53704,"TurtleCat","uUjgfu*v4i");
insert into credentials values (87505,"BlogWobbles","Y%W*Eh47r9");
insert into credentials values (83886,"LuckyDusty","BjS+dus$X6");
insert into credentials values (37641,"RumChicken","r97Ya%Pmey");
insert into credentials values (25997,"StonedTime","n&jjX@z1BU");
insert into credentials values (20163,"CouchChiller","N5$A*tj3Yp");
insert into credentials values (14687,"VisualMaster","Gk#PJRoVFW");
insert into profile values (27043,"Schroeder","Ashly","Ashly.Schroeder@test.com");
insert into profile values (51051,"Mccann","Clarence","Clarence.Mccann@test.com");
insert into profile values (70839,"Bolton","Jerimiah","Jerimiah.Bolton@test.com");
insert into profile values (65928,"Choi","Lina","Lina.Choi@test.com");
insert into profile values (55187,"Wallace","Noah","Noah.Wallace@test.com");
insert into profile values (31543,"Cruz","Addyson","Addyson.Cruz@test.com");
insert into profile values (76285,"Gallegos","Daniel","Daniel.Gallegos@test.com");
insert into profile values (92192,"Baird","Enzo","Enzo.Baird@test.com");
insert into profile values (82338,"Acevedo","Thalia","Thalia.Acevedo@test.com");
insert into profile values (19337,"Krueger","Jose","Jose.Krueger@test.com");
insert into profile values (13512,"Galvan","Agustin","Agustin.Galvan@test.com");
insert into profile values (11466,"Chavez","Erika","Erika.Chavez@test.com");
insert into profile values (32473,"Richardson","Jaidyn","Jaidyn.Richardson@test.com");
insert into profile values (53704,"Davenport","Andres","Andres.Davenport@test.com");
insert into profile values (87505,"French","Libby","Libby.French@test.com");
insert into profile values (83886,"Hester","Anika","Anika.Hester@test.com");
insert into profile values (37641,"Wong","Darrell","Darrell.Wong@test.com");
insert into profile values (25997,"Rush","Shayla","Shayla.Rush@test.com");
insert into profile values (20163,"Swanson","Josh","Josh.Swanson@test.com");
insert into profile values (14687,"Copeland","Emmalee","Emmalee.Copeland@test.com");
insert into stock_profile values (27043,"bitcoin");
insert into stock_profile values (51051,"ripple");
insert into stock_profile values (51051,"bitcoin");
insert into stock_profile values (51051,"neo");
insert into stock_profile values (51051,"stellar");
insert into stock_profile values (70839,"iota");
insert into stock_profile values (70839,"eos");
insert into stock_profile values (70839,"litecoin");
insert into stock_profile values (70839,"litecoin");
insert into stock_profile values (70839,"eos");
insert into stock_profile values (70839,"iota");
insert into stock_profile values (70839,"bitcoin");
insert into stock_profile values (65928,"stellar");
insert into stock_profile values (65928,"bitcoin");
insert into stock_profile values (65928,"stellar");
insert into stock_profile values (55187,"eos");
insert into stock_profile values (55187,"cardano");
insert into stock_profile values (55187,"bitcoin cash");
insert into stock_profile values (55187,"litecoin");
insert into stock_profile values (55187,"stellar");
insert into stock_profile values (55187,"neo");
insert into stock_profile values (55187,"cardano");
insert into stock_profile values (55187,"bitcoin");
insert into stock_profile values (55187,"neo");
insert into stock_profile values (31543,"bitcoin cash");
insert into stock_profile values (31543,"neo");
insert into stock_profile values (31543,"cardano");
insert into stock_profile values (31543,"stellar");
insert into stock_profile values (31543,"iota");
insert into stock_profile values (31543,"neo");
insert into stock_profile values (31543,"iota");
insert into stock_profile values (31543,"eos");
insert into stock_profile values (31543,"eos");
insert into stock_profile values (31543,"eos");
insert into stock_profile values (76285,"eos");
insert into stock_profile values (76285,"iota");
insert into stock_profile values (76285,"iota");
insert into stock_profile values (92192,"bitcoin");
insert into stock_profile values (92192,"iota");
insert into stock_profile values (92192,"neo");
insert into stock_profile values (92192,"eos");
insert into stock_profile values (92192,"eos");
insert into stock_profile values (92192,"iota");
insert into stock_profile values (92192,"ethereum");
insert into stock_profile values (92192,"cardano");
insert into stock_profile values (82338,"neo");
insert into stock_profile values (82338,"eos");
insert into stock_profile values (82338,"litecoin");
insert into stock_profile values (82338,"iota");
insert into stock_profile values (82338,"neo");
insert into stock_profile values (82338,"litecoin");
insert into stock_profile values (82338,"ripple");
insert into stock_profile values (82338,"eos");
insert into stock_profile values (82338,"eos");
insert into stock_profile values (82338,"iota");
insert into stock_profile values (19337,"litecoin");
insert into stock_profile values (19337,"cardano");
insert into stock_profile values (19337,"bitcoin");
insert into stock_profile values (19337,"eos");
insert into stock_profile values (19337,"ethereum");
insert into stock_profile values (19337,"stellar");
insert into stock_profile values (19337,"bitcoin cash");
insert into stock_profile values (13512,"litecoin");
insert into stock_profile values (11466,"bitcoin");
insert into stock_profile values (11466,"bitcoin");
insert into stock_profile values (11466,"neo");
insert into stock_profile values (11466,"ripple");
insert into stock_profile values (11466,"bitcoin cash");
insert into stock_profile values (32473,"eos");
insert into stock_profile values (32473,"litecoin");
insert into stock_profile values (32473,"ethereum");
insert into stock_profile values (32473,"eos");
insert into stock_profile values (32473,"ethereum");
insert into stock_profile values (53704,"ripple");
insert into stock_profile values (87505,"eos");
insert into stock_profile values (87505,"ripple");
insert into stock_profile values (83886,"ripple");
insert into stock_profile values (83886,"bitcoin cash");
insert into stock_profile values (83886,"bitcoin cash");
insert into stock_profile values (83886,"iota");
insert into stock_profile values (83886,"bitcoin");
insert into stock_profile values (83886,"ripple");
insert into stock_profile values (83886,"neo");
insert into stock_profile values (83886,"bitcoin cash");
insert into stock_profile values (83886,"bitcoin");
insert into stock_profile values (37641,"bitcoin");
insert into stock_profile values (37641,"ripple");
insert into stock_profile values (37641,"bitcoin cash");
insert into stock_profile values (25997,"neo");
insert into stock_profile values (25997,"ethereum");
insert into stock_profile values (25997,"bitcoin");
insert into stock_profile values (25997,"cardano");
insert into stock_profile values (25997,"litecoin");
insert into stock_profile values (25997,"bitcoin");
insert into stock_profile values (25997,"bitcoin");
insert into stock_profile values (25997,"stellar");
insert into stock_profile values (20163,"iota");
insert into stock_profile values (14687,"litecoin");
insert into stock_profile values (14687,"bitcoin cash");
insert into stock_profile values (14687,"bitcoin");
insert into stock_profile values (14687,"bitcoin cash");
insert into stock_profile values (14687,"stellar");
insert into stock_profile values (14687,"bitcoin");
insert into stock_profile values (14687,"ethereum");
insert into stock_profile values (14687,"eos");
insert into stock_profile values (14687,"ripple");
insert into currency values ("bitcoin","2018-01-01","Bitcoin","BTC",1,93869,34907);
insert into currency values ("bitcoin","2018-01-02","Bitcoin","BTC",1,93870,34908);
insert into currency values ("bitcoin","2018-01-03","Bitcoin","BTC",1,93871,34909);
insert into currency values ("ethereum","2018-01-01","Ethereum","ETH",2,60057,60542);
insert into currency values ("ethereum","2018-01-02","Ethereum","ETH",2,60058,60543);
insert into currency values ("ethereum","2018-01-03","Ethereum","ETH",2,60059,60544);
insert into currency values ("ripple","2018-01-01","Ripple","XRP",3,65437,22546);
insert into currency values ("ripple","2018-01-02","Ripple","XRP",3,65438,22547);
insert into currency values ("ripple","2018-01-03","Ripple","XRP",3,65439,22548);
insert into currency values ("bitcoin cash","2018-01-01","Bitcoin Cash","BCH",4,85887,40320);
insert into currency values ("bitcoin cash","2018-01-02","Bitcoin Cash","BCH",4,85888,40321);
insert into currency values ("bitcoin cash","2018-01-03","Bitcoin Cash","BCH",4,85889,40322);
insert into currency values ("litecoin","2018-01-01","Litecoin","LTC",5,9123,96387);
insert into currency values ("litecoin","2018-01-02","Litecoin","LTC",5,9124,96388);
insert into currency values ("litecoin","2018-01-03","Litecoin","LTC",5,9125,96389);
insert into currency values ("eos","2018-01-01","EOS","EOS",6,6526,27267);
insert into currency values ("eos","2018-01-02","EOS","EOS",6,6527,27268);
insert into currency values ("eos","2018-01-03","EOS","EOS",6,6528,27269);
insert into currency values ("cardano","2018-01-01","Cardano","ADA",7,49923,82497);
insert into currency values ("cardano","2018-01-02","Cardano","ADA",7,49924,82498);
insert into currency values ("cardano","2018-01-03","Cardano","ADA",7,49925,82499);
insert into currency values ("stellar","2018-01-01","Stellar","XLM",8,27797,47890);
insert into currency values ("stellar","2018-01-02","Stellar","XLM",8,27798,47891);
insert into currency values ("stellar","2018-01-03","Stellar","XLM",8,27799,47892);
insert into currency values ("neo","2018-01-01","NEO","NEO",9,8366,93029);
insert into currency values ("neo","2018-01-02","NEO","NEO",9,8367,93030);
insert into currency values ("neo","2018-01-03","NEO","NEO",9,8368,93031);
insert into currency values ("iota","2018-01-01","IOTA","MIOTA",10,93869,34907);
insert into currency values ("iota","2018-01-02","IOTA","MIOTA",10,93870,34908);
insert into currency values ("iota","2018-01-03","IOTA","MIOTA",10,93871,34909);
